Coffee_Cups,Hours_Sleep,Productivity
7,7.605595135504914,24.85173683134384
4,6.963706590413626,12.68745634318598
8,5.644447208904808,21.917630280797663
5,7.486538922582405,19.20855750632944
7,5.231440313260296,17.402904852106552
3,8.781519082692345,16.598275484383294
7,6.30307405405241,20.973960284762345
8,7.301739483809259,24.702967610614696
5,7.424931807319213,19.559317647385804
4,6.611642539443884,15.305990432137905
8,7.880040702212912,25.598128721681206
8,6.287644515066213,26.250126379327813
3,8.306945946185866,12.298292264079004
6,4.981030479629878,18.203416933333344
5,7.189569369319618,18.970556569916194
2,9.908393498587428,13.74349736925316
8,5.499503013091638,23.401520564121693
6,5.983382544212723,15.972846663548479
2,7.770861774488372,13.00434670014636
5,7.269372672909397,17.53425473647812
1,7.525945148910338,7.243471682327429
6,7.733780695221495,23.19868949450602
9,7.9520822028426545,27.519435923178463
1,8.664549762934335,7.179902051674384
3,7.6147279853927685,10.308833631041345
7,6.638113518072187,23.169190179799557
4,8.008860551804098,13.952432122713581
9,9.849822902342822,35.284322717482965
3,6.801049380426139,8.037715254871765
5,5.538206042994037,18.70022180107113
3,8.660621003930459,15.412966440300925
7,6.819428254069603,22.035716157363616
5,3.740995680978946,11.521655347850519
9,8.271132515725633,30.20497100229259
7,6.197007721069116,21.220242176753978
2,6.864200076543759,12.00290387884868
4,7.497970495853522,15.975411041104362
9,7.2857495196686,28.229227802426653
2,8.064177725708559,10.869042164135127
9,6.346770444145235,26.40626441877572
5,7.769658697264124,19.270091583680305
2,6.610679983624125,5.995683190122936
4,8.108215721331254,13.965952737785454
7,7.92305122601958,25.3711050270748
8,5.596841946933107,23.236993796655547
3,8.628973174262548,14.575493088688463
1,6.196054832328928,6.330950114624178
4,8.212086697421718,17.51329345685592
2,7.550930970102011,9.746877094534293
8,9.757275515192685,27.579303821984404
4,6.6648010264422215,14.888892049858697
2,6.4760248058227035,7.257291653503991
6,6.970870591168401,20.772811398181545
6,6.545230325748587,15.9126782801472
4,8.199912852913075,18.8581805540209
6,4.575534087345118,17.308496095843765
2,5.419476371280469,8.141274025548455
2,5.39829561763121,9.562825394337844
4,8.425461387960365,20.469140970865702
8,9.565920058872887,30.87762021834559
7,6.843326172193793,18.5832407956274
9,6.746767415214984,24.560997189351074
8,7.105078244669772,23.9079802116133
5,8.742817453912286,20.166408281290096
2,5.608970298714139,8.948773489009454
5,7.357553474102177,16.584842584846335
8,8.462796444673645,27.567728195964623
9,7.751641254909768,27.116696017658008
9,7.284372424898115,26.70352303136328
1,8.501569138850712,6.939031514579623
9,2.9451515605011442,19.57126084852991
7,8.016812979296361,21.321850257711873
9,6.0188864753088644,24.076583207008632
8,4.254050654715314,22.98835957528865
1,7.766803899287471,6.75140807126732
8,9.060487817744438,33.35549585629144
8,6.793827228058462,25.67737664384947
3,8.429311820804408,15.013639978596359
1,9.418417386982968,9.410910520112026
8,8.972371680376071,29.359177279382088
3,9.459946794057089,15.038644538610086
3,8.113191236607838,14.413806484202478
1,7.113150458352389,12.789894764066172
5,4.597051282154247,13.70345712378207
7,6.630906267805077,24.24490605427897
9,5.735130107025713,24.196342310286795
7,10.25641407624672,27.314644133376156
9,6.736171281351495,30.645858193298263
8,7.184807210176729,24.023276699689557
2,7.8272280640607015,14.86573921208491
1,7.06540366955868,9.013609375248972
7,9.542576560646129,25.18893128918066
7,6.066025957398322,22.363854414208525
8,7.2919111828558645,27.382975673537256
5,5.886294121452927,17.073061106613782
3,5.019966233168941,6.3894999099725
8,6.082346363642072,22.16924519381337
6,6.944444804427382,19.421629935538064
3,6.35604666322411,11.385203136636074
1,5.961368530189216,7.18339699038518
3,4.890523804492249,9.691187708604883
5,6.875341641056957,14.642323744165235
3,4.742919438953496,9.874774860442171
1,8.140083945534403,10.431297408869252
5,7.123659629401755,18.80507033996471
7,4.8136727508026045,21.38207057731315
7,6.536186384425205,23.472123885735616
9,5.871765391614125,26.726008245878063
3,7.478761765628771,13.077811225525862
7,9.010675669034717,22.194091636520092
1,4.187241295531383,4.140098381562245
4,7.172539118721126,15.674184052407911
4,6.7598008066500395,15.182858884365807
5,8.007010114675698,16.457018020372928
7,7.319794942356534,20.817579332718275
7,5.872046002391771,22.914374710253465
4,6.521419096500073,14.203018337036799
7,5.805961214794767,22.0719432169374
3,8.614010707897897,14.977652814107769
6,7.031967473007914,20.107463488503363
2,9.851786028629512,16.154246654896262
9,6.909008779278069,26.331423712482355
5,5.937389849634306,16.098326328333425
6,4.729428411080759,15.669592039211054
4,4.295290485616082,10.073943273559491
7,4.623796085491765,18.317349881300366
9,7.400689976517225,28.545302508043264
7,7.7630875348449,22.687134058940394
1,4.628213946951799,6.4538331715747415
1,8.342557471114173,7.724621602232252
9,6.2754084224748405,26.03936934538954
9,7.220189517978324,26.950822160419136
4,9.418330942383136,21.521452182282168
9,8.345258973798298,29.910998013720594
3,6.597204028141252,13.959495121149146
7,5.663211661877069,17.52369674674166
6,3.7722768980060426,15.692515878747582
8,5.92127002113637,25.16116662295143
9,6.6833046417584585,27.189524941188537
5,5.519230709273224,17.40980681404054
1,6.803114549361543,6.170094923841569
3,7.115277824438152,15.491611617028388
8,6.662716027287882,29.09187028817032
6,6.02499612876481,17.811817072267896
8,7.2529820079500915,24.48846796912359
9,7.662910974354114,31.401135415766575
4,5.364401383835731,15.70574636721502
1,9.116398569619406,9.628877800122574
1,6.852117801573607,6.437803068168696
4,7.028274434417272,14.478842433904894
7,8.062321634884835,21.404581430258702
2,7.349824196895252,8.687432402374482
3,8.429704950869867,12.636275892800665
1,7.430686247802736,6.610434241495847
5,6.0813439380393435,16.052646132285453
1,7.542255287809152,8.781812396786771
8,5.2844106890190075,25.527617019156665
1,7.162839558664785,5.7475512565195945
1,6.950155014033308,9.393877318003131
2,6.687824714091191,9.10375938268577
2,6.807193732841604,9.61186317995754
6,4.1772264317535415,17.11547863196352
7,6.176912638388558,19.01992491445824
5,7.1392673517116725,18.47372051993561
1,7.239784587996101,8.192581298420263
1,5.458487288611063,6.172633460932893
3,8.898561761297051,15.926179929761211
2,5.7007377276782485,12.961706871339162
5,8.454185800790105,18.405798732682523
6,7.640791542807527,19.899193404207654
7,6.0306590352342955,19.799707500001915
4,9.662966338914268,17.883495270050894
7,5.2095447523652805,18.539542873934884
8,8.378731260415002,29.446129952837605
1,8.500873477064466,12.592318711576409
6,5.994069686385033,17.349611942078596
8,9.088697950096494,26.468335778936282
5,6.6249302281015705,17.880226454925165
4,7.4330404439197855,14.545114577317735
2,7.390482758156831,11.851587772746267
6,6.798536887794178,20.103651373393866
6,8.216212409739674,18.792830384615044
1,8.19023308082832,12.3803600239026
9,4.377202040142729,27.157558406405137
6,8.956510364317229,21.709188165507072
3,4.506262017946488,7.983989907047763
4,8.548819306512486,17.89495974121854
4,8.690057705241376,18.20400013783611
3,5.363550354677203,11.362414077361464
3,6.383778568068123,15.596076929634881
3,5.341442997271097,9.658270040918545
4,6.677618454566897,12.919833192773439
7,6.537948573721388,19.048284404553026
4,8.16949079840401,15.292376117722176
9,8.965463119179413,30.381940733021526
1,9.093525716184935,14.229404301312979
8,6.156747960132547,22.699899342126475
7,6.686167189383208,22.47682668735261
2,4.4748427116685745,6.1794182753573565
8,5.791194900255717,25.563578897279744
1,8.447277449646187,14.724781026216522
9,9.423374235322347,30.073323807142877
9,5.148476692180116,23.74383615323373
2,6.1113036112706585,10.755277171044131
7,6.96039136456161,23.804370026095036
3,7.42024173822941,16.823777258816182
7,5.785594720117531,21.846248450828224
9,7.636091566696135,27.735553168470084
4,6.289240979393626,15.115171130475057
1,6.9783215936825815,9.68488955168969
2,7.819426372005549,12.870103920403052
1,7.009633404716407,8.528998169289206
5,6.345421164210147,18.65148112549353
5,6.835585294111254,19.591969122058227
7,6.867455561191997,25.065501323863053
9,6.444983455176809,27.964894957944498
9,6.611805905999346,26.583472698365313
3,9.397970755757076,16.39038350650226
3,7.841379171911858,16.175086690884502
3,6.556779522956259,10.201297942459917
4,8.045431606766103,17.305494027894955
8,6.499270765365985,23.462228523394256
6,8.759686956379962,22.69702008043958
8,7.554463288297141,28.388598657660307
1,6.839046783993656,7.640768312030291
8,7.671575388715416,26.10023617938542
4,4.6436857718972515,8.74581637588604
1,5.309848796635292,6.457280327007379
8,5.2091124904014166,23.604637097884275
4,7.21441464214556,19.64813140982926
6,9.598772499227637,23.282602278935457
8,10.34695021928895,30.458725984261303
4,7.957076652161136,16.934382345663213
3,7.751266712416685,16.781806628151976
9,4.298413398770892,23.257029033382434
3,6.185989300398967,11.83702700213913
9,5.818324372137642,26.943279577639544
2,6.068728602623326,8.976311150247703
2,6.747784272122816,8.728809179083168
2,6.291864133454309,9.325976185978078
6,4.0310502844363185,17.69383892637402
3,8.121865384176301,12.129767477442332
9,5.39088546139029,25.352267540379188
4,7.3588702961667245,14.13806381437174
1,10.11112400462496,14.556779264787124
4,5.620923112620365,9.885010859362998
1,3.204568715880505,0.6890093792775813
5,6.570993667179834,17.610914250898794
4,8.651439452497856,20.608207237215467
8,9.93752118133089,29.274781249850356
8,5.155675608321374,21.123114359095666
7,7.745048834854782,27.379887391163354
3,6.30203431482992,8.557023671412392
1,6.841077468543796,2.86400428957553
1,10.966515020525552,14.329801430894992
3,4.745544507407271,8.114208312405683
6,7.38060949224186,18.528448604101364
7,7.70153975764815,24.96902253107093
6,8.62867948740902,22.930620658655926
6,7.1469747302063436,19.092304833836057
6,7.462075809256153,18.13250491654244
3,6.412527148867313,13.36370537986126
6,7.403690411867661,21.905937973718814
8,6.485211586753884,24.02946565257206
2,7.932357834784076,15.091810744271445
5,6.445584495934549,14.52820721124952
1,7.56565059085328,5.297425544430443
1,6.956105779472533,6.05034252944631
5,8.689075376158252,19.942441031526382
3,6.922909414617271,12.871043020571289
4,4.340451297689678,10.528204830821856
3,8.892882251070988,16.043434169635077
1,5.641401548706072,2.95902347467822
1,6.019350492026771,8.916554946186675
5,6.106508058934762,15.995459731617007
6,9.061657139756226,25.327077372810592
3,3.796488679031957,8.380183711303344
9,11.70662280048999,35.47344063904255
5,8.584085213599078,21.015662380863027
8,7.334858371193739,26.39770467682524
1,6.91765899907557,8.661934018348443
5,7.428331112286485,20.80080172869459
3,7.781683642569007,14.065567803256451
1,7.967823378925085,10.369742583564651
4,7.833406699005173,16.070638659933305
5,7.134371021882873,20.581790963723254
7,6.7039923695390105,20.703203950189977
1,6.773090074519732,10.76151597760123
3,6.707637579470979,11.98114046791778
2,8.700655145300598,9.6894325137148
9,7.890335083421293,29.09171145495352
6,2.58941704800358,12.022022257055607
3,7.9838511647946415,15.65706384516941
8,7.292104292078163,24.132908479512462
8,6.971936865331154,24.065538431567173
2,6.417222320366672,5.346752018658945
6,8.68616907997902,21.624640981470378
7,8.421289693184287,19.78417588651852
2,5.840683498264586,5.093219600425433
2,7.610578430686803,12.436696958318798
1,5.542514898188071,6.885372664583771
8,4.930572752816604,22.746774252794836
1,6.059924163115053,4.155933958414153
9,8.293590208574138,29.344962600577247
6,8.42968756806413,22.137326273915058
7,7.769628130145939,21.337712816833825
7,8.087643680271995,27.138262123942294
3,7.774267430672437,15.416125727159999
2,6.037777607165571,8.114738063089028
9,7.647883817010911,28.52559740350543
8,8.200614287841523,27.21768704765739
7,8.131436994720362,20.113685755231963
9,8.783370057211965,29.68070032077675
4,8.062455770801595,15.229715160206796
4,7.527172311312374,13.78751844717873
1,8.605225357474641,9.345637450440051
8,6.96021811112641,28.53570022038866
3,5.677188023158424,11.797467757271654
7,6.755399554084354,20.990741351560935
2,5.882646032790326,9.469134611897807
2,5.987232587538427,11.279559754479646
7,6.783221993926723,24.02410035671562
6,5.811370118500058,18.336315917590436
3,6.53805770554144,10.513213002901011
9,4.159577999569322,24.635813626581164
6,7.319940561059408,21.266881612432613
6,7.001808213043336,21.79309875962047
1,5.7743670533977145,6.931894183460511
4,7.988868502648607,18.58240818461158
6,8.406355206439837,21.039062386538617
6,4.588660203446539,19.01777843643846
5,5.855912832150679,16.179068457610818
1,5.846286475319053,9.91995145822911
8,5.590145348336703,21.506842386325918
5,8.244212262897623,22.838246000676932
5,6.709260791840794,17.459712754686485
7,6.603227738034084,20.602005599822228
4,3.99420645338987,9.52353801197616
6,7.95312704531384,20.78899595158212
4,5.141112407719791,13.060000504383519
3,7.089898945399493,13.680519394170238
7,7.416065406937287,21.976698102528772
8,9.040987893757976,28.012772656114997
4,5.036769401321331,16.339694819205725
2,2.470731766268762,6.661183989604565
3,7.2757743171305425,13.786308815043878
1,9.700766772266281,11.627157114735823
8,8.858419529409156,28.027691947550256
3,7.314489122911938,14.198769629828742
7,6.262545721551929,19.34823345193108
5,8.210683894955965,18.801272767587257
5,5.539680700443297,11.972352902909766
7,7.714536654034329,24.370251226262052
9,7.75820523874994,29.93169973753039
5,8.59031486124832,18.91909936727373
1,11.139490058366617,16.85720861412999
1,7.5886239507681506,5.931404600147544
2,6.236554561438751,5.926082081738487
6,6.961638531712008,20.39136143468796
9,4.346386142666322,25.61377581922379
8,5.957930303366412,26.804750837965358
5,6.386076342830344,15.661345988507636
1,6.213867403098111,8.478162771509758
7,7.228532308050583,22.76578152307446
5,5.766370101426699,15.304300552258411
6,8.681546000986707,24.289638876453406
7,7.000310597377296,23.805111652892784
3,6.986049518292078,9.326289963469618
3,6.508157925230623,14.715317587297728
5,7.232786025788469,20.609361746977605
6,8.237647397001453,20.60534569248312
9,5.699304676433649,26.34056408152529
5,6.012825266387115,17.00729827214615
1,6.544410956835003,7.337963966900319
4,4.981193614790177,10.871180114494425
5,5.771113210417753,14.313423079750526
5,6.285668689683011,16.377394892541627
7,8.311583771069092,26.812833695122364
4,7.393841993502887,16.677963299443196
1,7.2903848670513165,7.194348636404763
5,8.276346943251959,20.957917836174627
7,6.793942317400905,16.493828234841207
6,7.5856972748933345,23.176077313084207
5,6.8451673706012555,13.788323498345683
4,7.398043524099442,14.8721834033429
2,6.125862013582627,6.4494532311216535
4,3.341774262585356,6.923298442436222
3,6.798581256720544,14.519525459837855
1,9.13412220414991,9.765780903601083
8,8.389323103362388,27.776992418505014
5,8.448096226886756,19.578303182571766
4,8.854196082709327,18.735375778510235
8,7.132986386442156,25.353123361783744
7,7.295973561108394,20.377975893285452
2,6.073522156848474,10.60281687416699
1,6.5258907159594255,5.801322907616513
4,7.923656724656713,13.272321289665568
8,8.805826655753224,26.85250966169801
2,6.790830586478501,12.687765460986373
3,6.324716102722883,13.18751763831131
1,7.0007919382848955,6.803883638611625
1,7.901810123393672,8.154199776453652
3,4.834217775799687,8.608056561264766
5,3.555728570294143,16.487088822562896
3,6.174194725762625,12.025162993107044
1,5.168931361128762,5.613480336075282
1,6.2377897035290335,8.417251463357236
8,6.778329521773792,25.145072600713714
2,6.3201273864654794,8.462106788056813
3,9.178701301706118,15.37535225438922
2,7.49011714690348,10.591973201527093
3,7.450711539416242,13.10162283610468
7,7.933310716065103,25.355225161371614
1,5.291750323328847,5.041517256607869
8,8.558667681130403,28.803281676126765
2,6.88635357019681,9.668097195078051
3,8.00572092586182,14.16585176942491
9,5.3922141504397665,21.091919856595432
7,4.669361850975903,20.836698125868818
4,8.226834487037543,17.533228682352302
5,7.564614289146275,20.342941653438718
2,5.646922668463734,2.1778732463082227
8,5.695505378087958,27.220007476693393
4,8.688152176622154,17.25304900862288
9,5.2158821606990085,27.040188874523544
5,9.464009429883944,19.116202290574854
9,5.649068898028197,26.699151157167435
4,7.957587888412575,14.329550706271549
5,6.507072286376523,15.513070508173174
9,7.904781146623515,32.685234427668846
8,6.183828996828711,23.394378693716373
3,6.755810640891559,12.568581707696783
1,7.061378763093582,9.332203606017881
3,5.496718816327791,11.236442000436895
4,8.11123651813019,16.967692587482436
2,6.230179650292622,9.575191480371384
1,6.657100126989972,11.792481360961506
7,5.508475938087232,20.147476313063677
8,3.1564995118070343,19.636947361140486
7,6.713458356099746,24.171496326164842
5,10.618923132419374,25.13943656454503
1,8.176906431847035,11.639420258891313
7,6.971109430398408,23.73412458965598
7,6.605663756187599,19.622485808820432
9,7.0336988392180695,30.817411323429294
3,7.820678672762815,11.438327223106846
9,5.228780777036732,25.448442096033165
1,8.671482542003307,8.498672112966245
1,8.073071973161866,8.981331266556815
4,8.077278588561901,17.273442703449813
9,7.657713608214591,29.129284843222432
6,7.029424986540985,20.887978988282043
3,8.00929185395023,17.24136031904264
1,7.887721200612067,9.73865040394606
4,6.468938933588464,13.715095129801398
9,6.139597340654649,28.137570347558686
3,7.15278444289298,15.10811764218875
9,9.323530227242781,28.530079710590186
7,5.141339386519149,20.90680921947844
4,4.79871210137134,13.100413636678807
3,7.247141261854775,12.275584886062179
5,7.076331552784027,20.36591095579928
5,7.260012496555612,17.589907570768364
3,7.36592979686275,13.30004760223721
9,6.665196618047792,26.651651278503948
4,9.234795157903124,18.38335083201762
5,4.598644032285227,11.705415874637438
4,5.757254462829631,10.255779929055858
5,6.845117859776429,20.456686916114588
7,4.5352167832687496,17.10890247826647
9,6.736218393351893,25.121542891115226
7,9.492205248592027,21.93152764568061
5,7.031329732443942,16.26907110328691
7,7.346051358578025,20.372897451052044
5,5.1097528522411295,17.948659598634432
3,6.075457887940784,13.132821010596444
7,6.437205429514094,20.279507453915695
2,6.523427354865649,13.79001264298709
9,8.922465692505654,32.34722951274167
1,7.836536591087687,8.105142119614285
6,5.332813064594452,12.500408167144531
7,7.369757167648007,27.636520896653494
8,7.747332622745178,23.341854000590576
9,8.7102235577819,26.774537842759067
2,9.370811029852561,15.601357408798123
2,5.477358712258197,12.59554288106584
5,5.783713733184493,18.444116236797775
5,5.113633211628075,15.798268057546831
6,6.6489702113395275,20.662964000339862
3,7.699537561669501,15.256137460064867
8,8.481001774883653,28.73935984189901
1,6.886073464536216,7.891493044743076
6,6.520228715117734,19.488745280580353
4,7.227636988373111,15.216269226760621
1,5.747285647554966,4.112999293599096
7,10.13430808254216,26.64011197007969
9,4.588508459322912,20.496849060593597
4,7.277110868343587,15.21898704892588
4,10.035409328844459,17.575931778964854
6,7.010199766839997,17.80812101582845
3,6.7149414474977585,12.432200473553594
6,6.463831865784359,21.979752371365738
7,6.729412477356388,23.930751928039207
3,9.059272712014796,12.447907860775839
7,3.6822071330057398,15.544054426367936
3,9.300150551944489,17.831768203893166
2,4.864064271324782,4.831121619910554
4,6.600021506148378,13.95076595922852
8,6.3561333695520075,25.134304252377113
9,7.88282990465608,26.88755594725685
7,4.602813472174379,19.114971220553485
1,7.693258999122914,5.871837508847962
3,10.036464434930279,15.85196136449299
9,4.955238993110784,25.07242235795125
1,7.284559251415594,4.740851410060053
9,6.007026733305087,26.891489575878428
8,7.638830809289553,25.91897061608097
1,7.028721666123628,8.648062408019737
6,6.037769636433536,19.004482722779628
5,7.7318084273066106,21.325993500907604
6,9.706522164680115,24.310232252315984
5,6.713644312409052,16.211655386363073
6,8.079636913222274,21.86405037589798
5,5.0600905631932545,15.676731902862656
5,5.565345434772987,15.445738292810889
4,7.7086094168205666,16.144097507638616
3,9.226174042803947,14.43527768859241
3,7.53342002317849,11.97432819966584
4,6.530412954215269,11.490408887723516
9,6.998937108135031,30.997559148576425
2,5.124388399045424,4.698856127785565
9,7.90677298953305,27.47434908870776
1,8.323499593485113,8.048434859089276
1,6.3218645007503795,8.272645505014452
5,6.294936778360748,15.852505810957066
6,7.398817344478073,23.09371016206458
6,6.3449203959391065,17.670399345420922
3,6.900801078061266,12.909189941539504
7,10.149582683749774,25.553679919105143
9,6.629461448881005,31.234490428868284
8,6.462489771968166,21.818537819893223
6,6.028687291547262,19.162672357774948
8,8.116287957249906,27.941985697739057
5,6.728163740172845,17.919843805162266
8,6.025940442517861,23.168335346021372
4,8.981956048409518,17.713292673147425
8,9.129404506770456,28.281729704113904
2,6.099364651391943,8.355042973830937
5,4.200190072959076,15.228043343028435
9,8.511270534755383,34.18795180531578
4,5.973055261359994,12.344599322024322
6,8.185938398744153,19.039301638958072
1,4.044844273432247,2.8907023134458605
9,8.338896007448964,34.667762686482085
1,5.183242106078828,3.167514023178781
5,8.096146178599787,22.422452878787816
4,7.021409601754651,18.38751603078486
3,5.569090870905033,9.24645982294156
6,6.389445530609829,20.222134454285293
2,8.029477685435051,14.801009774409652
3,7.158841679672851,11.980007037534303
5,7.876619470708726,18.407768485858366
9,9.964660876773229,30.783629487262555
2,4.653637582433423,4.4509429122644
8,9.425818862452935,27.34017320354739
2,7.156533906284819,7.786920325902716
5,5.6518239275153075,15.545902827791412
7,5.004529561391515,17.966847879969986
8,6.71631941383445,25.04205094433317
1,8.382475167886689,6.461921459422779
6,6.808676319433698,20.374774943579464
1,9.266732395371022,12.567156516274382
2,4.823236464922662,2.7473834122410814
1,6.981866578230918,8.220913007041522
5,5.121409833380321,17.137452735017067
9,7.545447823937452,25.898889698523767
6,8.33033108514595,25.340641401394333
1,6.36885730947842,7.391323982949721
1,3.0936792150592987,0.2304951110721305
2,7.298422220194742,10.336095174976702
9,7.655107827600264,29.599315566443842
3,7.606442132442546,13.561673981488642
1,8.853673287733232,11.358021916492586
5,5.393419480526427,13.24878203463091
7,8.020324158175674,24.369207885335666
6,8.788761268716963,19.855712909265485
1,4.332118623990224,3.275725813287936
5,7.479477738878466,16.41140132538812
5,6.243730253488493,14.894535495053207
6,6.877715990347531,22.28876033594217
3,7.5215147253075045,15.464892329149794
5,6.2691571538296715,17.622011972558862
7,5.986437881257582,18.795031292541214
5,7.051228626232037,16.94402603995845
5,5.369131091705796,17.47989203751706
5,5.371262306672222,15.34032728728814
3,8.019059924434755,18.66724896661552
1,5.276808947262015,5.701849099681766
5,7.999468751363818,19.38330136002579
9,7.693886939280927,27.922597480516387
1,4.411289906814105,3.884016669785722
3,5.983653021496517,10.67053985948369
4,8.79116410457106,19.10296351023377
1,5.528251703290477,7.205782188524885
1,6.303393606535918,4.8831114887879785
8,7.693091339877845,23.37717110270121
2,8.175085763923892,8.090217899679246
8,6.622691670933256,25.450020160224973
7,6.103734707962538,18.94886884959606
2,9.133554792547761,8.894551002916675
6,9.608349495696368,24.689681452606482
6,8.468287076172693,27.188429649124622
3,7.127977213847536,12.679823997691516
2,5.78760141753861,9.858383675211199
1,5.7543333901651526,5.795158802342859
6,7.783771157898636,20.97787743046567
5,7.627597331333026,20.279548962975078
9,9.102397889419644,30.073047745752163
1,7.975675138804209,9.498297336350118
7,4.7453795473602725,19.761464933432435
5,8.577921426584378,18.530701232590467
5,5.502909059028381,17.238448287615615
2,6.424043092071472,8.786145124716391
3,7.3753003093775416,11.551460145080622
7,9.993501234675946,28.063271539154726
6,11.664877834008042,25.200380787429985
2,7.910084588704274,11.421489197794667
6,6.725205071919418,19.569569614590723
2,7.801758472720826,13.374428840744393
2,8.331483138810754,12.946621173976036
2,6.518998561664213,9.228443925006031
3,9.692817033868483,18.1747581492033
2,7.345106138787103,13.298074306215282
4,7.746614633637091,17.235542563159363
9,7.998886378081692,29.0190348068093
6,7.632379915921684,18.324897409182206
1,8.258410750704417,7.257388799905881
8,6.074120220179616,23.000730921560088
7,6.162547369080954,20.024796649302864
3,5.349768650542458,9.650710369842795
1,7.659251845930339,8.602177618689723
5,8.16840475526817,20.311992641615717
4,7.686659299227829,15.888991392723561
8,9.511738650021305,29.74061126268436
1,6.99160597175643,7.616357787254885
1,8.003112483388769,5.053735592375411
4,5.362448685791028,10.665002241049034
8,6.419350446288399,23.840850557989366
5,8.043306636348666,16.645570468840784
2,8.273653166114716,13.110337209164483
6,6.559049578503727,22.400076032442986
5,6.892601122212899,19.77642538671398
2,4.723189379978786,6.1578983281077635
3,6.464456198790086,14.678136571885034
9,8.33557474527968,29.800697032323743
7,7.86280752415985,23.120039344003697
7,7.750998582071815,22.399692546025843
6,7.07466053077144,19.5070514231809
8,7.010594737942265,24.23953846983094
4,6.0095182907898295,13.855109880935721
8,8.048242630303802,26.893511907555432
4,7.631459416584085,15.953281165182956
8,7.738028271989199,26.980918747476498
9,6.210947735998629,28.69771415357063
3,3.7699856201931334,9.554086701172348
3,8.645729067630544,11.998797664546009
2,6.281743815987394,3.814773454177181
3,5.705836353935319,12.427394353381526
3,8.04021836787099,11.326570154975641
5,6.411981040121305,16.16844075639659
5,8.589904576069934,17.54463081198618
2,7.9255089243650465,7.78430251138753
6,8.025353984800716,22.62095643361065
5,4.951066433199198,15.944909970404092
6,8.8179159780796,21.57385316566596
1,7.391875796850784,2.9057291109863566
5,6.4460842911306955,15.57663754019108
9,7.215082701013377,28.60623206232516
2,4.33564715065252,3.045647588430522
1,7.612979217221007,8.786188665389822
9,5.455942737726893,25.15329440824435
9,4.970994571234698,25.615074856054225
9,4.716461220673163,24.31385256783805
6,8.669032562484889,20.557410961964223
8,6.056104909460817,25.977300367520208
1,9.300591564874749,10.633828201258183
4,6.196297805421553,13.739837629112465
1,4.43896306361058,1.7919086772694786
8,5.325213340077012,21.601255507732496
1,8.853717430010407,8.51097071696181
3,6.766152733094999,11.803336979795652
4,6.177569055264098,17.189770543180835
8,7.240027338779181,22.616238722306058
6,7.752674104251318,17.901888360623495
7,8.67609822385369,27.95648799076775
8,9.17274884483939,27.840475912955352
2,6.460347031316371,7.852375069654725
8,5.010928470876943,24.096202081107567
3,6.379802258315086,10.358472307998902
7,7.3904207598743294,26.737650566905366
3,5.554361610684084,11.687394158704665
7,5.564273627657435,19.370587625194748
2,7.5156818223248285,15.08813916001825
6,6.9270214726443236,18.67910236295981
3,7.04919549311738,14.057983983694683
3,5.8622569979498955,11.391970657737827
9,6.654398928691349,29.58508097183462
7,5.6136502835975435,23.54349781885002
5,8.33529761668718,19.566954723162304
7,8.552874002085629,23.322475262436075
9,4.230718206642859,24.266021595842524
1,5.6057337097113855,4.053169825062866
7,4.755206117364882,23.15958367110057
6,6.024964098389653,18.810516809749952
9,6.874843045314459,26.58162146534747
1,4.825532170452204,4.607658867408123
4,5.6172102803120305,10.231562841408653
9,5.494063941877752,23.297867835795326
4,7.310900994098416,17.867179307036473
3,7.104016505554376,11.342236200388772
9,5.91739366999412,23.7822685396273
2,7.265231308209097,11.471152467368217
4,6.179979873119102,16.141378119004646
6,6.59251733451092,20.826682623096513
2,9.510178135447806,15.757362574783341
8,9.010691577685522,26.50244718938936
8,5.050628144608604,19.232320883429217
1,8.244598626818762,12.369565244139118
3,8.217094831737388,13.68028256992181
9,5.277605066871073,24.414741567396515
5,8.228166465632292,21.998637982146555
6,9.30689787761883,24.572806835229564
4,5.316182790633379,13.386049730113282
2,5.623745768478605,12.265623342520076
8,8.526492200265254,26.002701839637595
6,7.4072429662384724,22.466544705520185
5,7.827214412859285,18.854847869083095
9,7.510883824600745,28.803510294627632
1,7.586043881392216,11.43600267491339
5,5.010291807533376,15.531109223879309
6,8.570976559932173,23.433056997997525
5,8.754384988641661,22.276592157582094
6,6.655913883897958,18.753965366761168
6,6.934784575279206,18.223757528240796
7,4.703338746166416,16.96538973120756
4,7.771382134026752,12.224360022288126
8,7.858086162571216,30.39954350373747
7,6.906713474501034,20.153653480308186
9,8.686530039805755,29.587287812537088
7,6.498884153530089,21.19469963051729
3,7.8469088888404,14.385176728878802
3,5.470503491961827,11.837229663021333
8,6.964671773688643,26.667954637252453
5,6.738468613145746,15.941548042580742
4,7.337961883061412,15.172699397019297
8,6.445709606749962,24.733724311101543
6,6.802791106492498,19.206804407371656
2,8.23907075716226,15.073297287783376
4,6.344853644142674,14.999230369490514
4,4.590134348891981,12.854957095437609
6,9.62437585630813,25.26232632179702
6,9.07218111803573,25.455219392024244
1,5.0616059573415715,4.954452053419771
8,8.034561707867791,23.958178665889996
6,6.245537844172985,19.667682669764762
3,7.39523082299659,11.790132446911226
9,7.4413361935202404,27.104770926780848
2,6.648388299525517,10.645310486798461
8,5.824351501620406,25.71309339529788
3,5.964188421525611,10.98882578576054
5,5.6257121267781365,16.05623421536513
6,5.752266687654333,21.532829920751976
6,6.899232564925967,20.330355206366086
4,5.926360016333872,18.592906252861596
3,8.02307809856893,15.165636439116485
4,9.23086923300389,14.8247783311942
1,6.129920137944936,7.701563449126468
4,7.359106750803066,16.30097689597015
1,7.7495276654544005,11.203797006347092
1,7.708003406378912,9.908367812108285
6,7.113932901874131,19.89398738484365
5,8.114023627539584,16.722438968730643
4,7.7233734290209854,15.667013628959428
3,5.143506366509053,8.014218641344979
1,8.30373409658391,8.294554245266418
6,8.330936255900113,23.173561192691388
2,5.855070843732127,11.622415274301002
8,7.056906753171403,25.874703189403068
5,8.024993489216603,16.645724109754536
7,6.686029270630957,22.918249242386715
2,8.609467071649018,14.807463580764828
8,10.54580874192904,29.099147304254792
2,5.821020951047526,7.963497093225454
4,4.928433095269337,11.9220260323624
1,7.455727893407314,6.61379521394649
5,8.082343757689216,20.42007650422154
9,6.653700439232846,26.738654361633706
1,9.179890994981552,11.608901380286383
9,4.992091300415127,22.71315259501849
8,8.039377934547417,25.684150301174306
6,6.09120876886166,20.081575868948033
7,9.579066859310945,25.622933984782883
3,9.988773029752178,20.43708724709508
1,5.850015118324978,4.975750306258263
5,6.17566429613713,16.712865895709466
2,8.289381830469702,13.799254409450732
5,6.4193040253157285,13.79222457210753
8,6.931883173101642,21.376207135690912
9,7.038082630813615,24.505811317080234
2,4.120490265703515,8.205903605409636
3,6.9792433808586445,11.365148779503073
3,5.965408338903739,16.06451107969211
1,6.260315766400342,5.261978452285735
8,9.16544800520322,28.617274614198905
6,5.115239658581116,20.257079393007423
8,8.219807780121966,30.841897446501196
9,6.581555604502287,30.995340560026225
5,6.5803597472562485,19.287272082070658
3,8.185557844077566,16.326461817739276
5,7.5100769418533355,19.450169311182368
5,7.855919495829296,20.34060139607722
5,8.452276990799291,18.57604405354187
3,6.503037425225016,10.118158370992909
4,6.081644898238375,13.615718432535658
9,5.372274210163303,24.718042070195096
9,5.761884205031567,24.7363702088928
2,11.423641637963087,18.02823735185806
8,8.86701937110518,29.71113947379879
8,4.973388450687968,22.136896448615648
7,5.016313064884645,22.47952975943749
8,7.722799092577738,23.800820410599595
3,7.820897196066951,13.344026875540989
6,7.8233257529760465,19.80134398825846
1,6.617566309669453,3.1932762303580593
7,6.811818609995649,22.052366543308075
1,7.4918192862390365,7.994233912591987
9,7.128839509439995,30.720158750644252
1,3.671049440878697,3.768197530427601
1,6.6553005541372094,4.934577182547404
7,5.72289034860953,24.29252065558267
2,7.262817128362768,12.836293083594857
5,11.477888503905115,25.381028162794905
8,7.551222498211457,25.37386554961752
8,6.529705470741403,22.375679732665144
3,8.382702252965878,13.82963982730671
7,7.724031830813819,25.7635449856291
3,7.630141735677762,17.214385215385864
6,7.910275889823507,24.45190089127964
6,10.084815347244312,23.64952417729392
3,5.303667347011126,7.716266153938666
7,7.710448115217182,23.847444666648183
3,5.610428305027693,6.878763726415835
8,7.833268969513372,26.896238882639622
4,5.621970232770859,12.637750176558951
1,6.373949779592373,5.628851665652075
4,6.5573651286431405,11.146641558431119
7,8.463725079017063,25.72278783166503
4,8.37768166591362,16.001120819546607
6,5.131423935330423,14.857302231575058
9,7.082401166499773,21.879077323186362
1,5.935630217876241,5.848415516713089
5,5.112242633986998,18.212867144319986
7,6.674474424363444,25.334230065640906
1,6.537275817316271,5.891721212801863
4,10.640074729518282,19.25568797355386
6,7.649439738041044,21.911708119211614
2,4.933573748868644,4.903589744926383
5,6.152838993743586,16.832842290254312
1,8.532074943144098,11.330272971485527
6,10.132664159304888,27.152862686725946
6,4.621025031643063,16.231229394504687
4,4.1801134222914325,10.362822633083216
8,9.806447763057673,27.45370647107339
4,7.5844212660563555,14.222871191004813
8,5.69756090218545,22.593383569475122
8,7.801943629183653,26.937646457407837
5,3.0463783914746836,13.396736839678523
4,7.005063259895741,13.401236988482921
2,7.491731759264628,13.722974776815985
3,8.386405209306744,14.037360611874979
3,5.479156071561194,10.175999518644918
4,7.128530742105038,13.69837275486191
4,5.611863060910619,8.069314070820045
5,7.383075633511476,19.842704242989313
4,5.656980516455464,14.459158568868062
8,6.387848741259669,23.519117997653076
6,5.506276907814657,17.89339679617173
6,7.976704362735486,22.49693497951143
8,8.287676674984997,23.80642329870441
7,6.64806914506388,20.91399836290323
8,7.0573569924400426,26.674564847903717
2,4.827112878049684,4.232090470736027
9,6.5504850279898195,27.41284340631799
1,6.924693074437383,4.673876002409264
8,10.931189636544962,31.829644419684495
4,5.332049461338754,12.426791227413164
4,9.196265858128656,15.064135155381965
5,8.495288160198712,22.07241094921241
8,7.420954606735204,24.162248756506706
5,9.6379307262927,19.836391215410288
8,7.558158208910294,26.238375707827327
1,7.583738793501893,10.67288288911027
9,6.920319020473682,25.34883489275373
6,8.835353323627942,22.876389685137855
3,8.644703850716326,15.824688776735634
8,6.061484068755681,24.97843731765981
9,5.021129208101849,24.884576922707225
6,6.6955290439065145,18.80923788769313
7,5.7999421534035305,19.044732788807856
1,6.904713138076968,7.529357473208201
5,8.856157202026209,18.139957779068098
5,6.314047517369815,10.628370309065508
4,6.935764928032638,15.776767000364291
6,7.087034102212593,21.938420835491282
7,8.272646323307928,19.683104613878214
9,3.629665999023092,20.425037589114762
1,6.089949557852055,7.373232858788478
6,7.316925538419209,24.590379247052212
7,8.800118434640291,25.241765067311253
3,6.262146328740692,9.937213610652769
8,4.185170940937189,20.4119635291961
5,7.929567168949204,21.644103591720178
9,6.046956416761556,24.778506266893263
5,5.215500011364458,13.22486600374618
9,6.063481915430164,25.129735828781183
4,6.723211963516226,12.678160728756914
9,6.09288300319268,26.38466513677861
5,3.6916509143513965,15.786833288466216
9,8.345599295330699,30.164557489228105
3,8.912312561918084,14.863761838624551
4,7.977282987009259,15.882301942682801
9,5.293471494362775,21.813825624150848
6,6.697762699078723,21.3128636029124
2,6.990218027155813,9.829652646708116
7,7.898191584342865,23.486327549333048
2,8.002510733077122,17.889981235305402
2,5.898739301832256,8.945614769479757
1,7.1229933346203405,6.180907901740142
3,7.685920606922862,12.676165717973205
6,9.18373348322015,25.572491643223735
8,8.056759809737084,26.811680535681155
9,8.183585031063279,26.398821589960185
7,7.125739941894041,24.52706778199147
4,9.115688717805256,16.837244905629895
6,7.614644193939246,24.668561843343962
5,5.708368134739644,17.722648333538764
8,9.105054955187786,27.262938641464174
1,8.046854908808541,11.632315086683038
1,6.335433968307276,6.638861973515721
6,6.280760548901135,20.62668817359614
2,7.4448633177111425,11.636760611155664
5,7.694777192901377,16.84945247937032
1,7.295938398446809,6.65680793303529
7,7.466963010164327,25.260366150408814
1,9.549936061864571,10.655353428583775
4,8.607314728352328,16.6036751660445
9,7.285953386897536,26.018684921647598
1,8.411965871151224,10.465146937913758
4,5.451214144708691,16.801871055549327
6,7.596890574920213,18.760270033871777
6,9.713959524599666,24.119378200245016
8,6.67293115691144,27.333837846198016
1,5.728549107071373,5.43354087811563
7,6.021866667110409,21.93754359316508
1,5.365550443986417,2.9235386096858664
7,5.822857137808445,21.590899901127962
3,6.444237852114957,11.292068248163337
8,4.8916494712320375,23.808934198207783
3,7.023427500924405,14.909913354516108
1,8.35341576067997,14.709250925057184
8,5.638365729779619,24.11681494109658
3,9.278925885462654,16.569981461358314
2,7.766188132791392,11.53805080234176
1,8.545870878436086,9.11247373203275
3,6.013248169221795,11.696839940756075
2,8.281787840599923,11.331878940621827
2,5.3620991494070305,7.880070676649774
6,8.335371251254763,24.638251948098063
1,7.257759009690297,5.873553383976162
2,7.8298768299771755,13.524572367223854
6,5.236608091562722,19.989142272023813
3,5.657395236585093,10.249955800895483
4,7.895842327380077,12.100053693052926
1,5.577477993663699,4.150573016306684
8,7.694809438148685,28.636203250345247
7,4.949293290309631,19.378203810866683
7,8.272261319000002,22.40978751391018
3,5.151215027847236,8.71727269931442
3,7.8284499065192845,15.423914912788032
2,7.938446400469001,12.50113673710626
1,5.954842272355638,5.454399210194068
7,7.87303985062709,23.075910952311258
7,7.390663395000334,22.302478794412856
2,6.1917372157108925,6.942785454569333
7,5.487167973885688,23.461503339767415
8,4.056061462491131,19.93945125531402
1,7.52447507094954,10.721029648075302
9,4.652795842956918,27.021825868280278
7,7.143016299161962,24.71114624503886
3,6.604827675876626,11.044000888378843
